id,voxel,etiv,surfaceholes,age,sex
24157-m204-nis19-10672,1.0,1599748.140039,3.258096538021482,46,F
24157-m204-nis20-10672,1.0,1571062.275911,3.5263605246161616,46,M
